name,g,date
fresh cheese (Lidl),500.0,09/06/2021
banana,100.0,09/06/2021
"bread (Aldi, meergranen)",72.0,09/06/2021
"cheese (Leerdammer, light)",50.0,09/06/2021
"ketchup (Aldi, hot)",6.0,09/06/2021
Kong Strong (Green),500.0,09/06/2021
milk (magere),400.0,09/06/2021
oats,125.0,09/06/2021
chia seeds,24.0,09/06/2021
"cottage cheese (Lidl, light)",400.0,09/06/2021
chocoladerotsjes (Lidl),26.66666666666667,09/06/2021
"mozzarella (Lidl, shredded)",50.0,09/06/2021
"minced chicken with onion, tomato, pepper (9/6/2021)",225.0,09/06/2021
basmati rice,62.5,09/06/2021
kombucha,300.0,09/06/2021
ricotta (Lidl),250.0,09/06/2021
"minced chicken with onion, tomato, pepper (9/6/2021)",225.0,10/06/2021
basmati rice,62.5,10/06/2021
"mozzarella (Lidl, shredded)",20.0,10/06/2021
banana,100.0,10/06/2021
kombucha,60.0,10/06/2021
sweet potato,300.0,10/06/2021
fresh cheese (Lidl),500.0,10/06/2021
kombucha,106.0,10/06/2021
"bread (Lidl, protein)",72.0,10/06/2021
"cheese (Leerdammer, light)",75.0,10/06/2021
mango,182.0,10/06/2021
cuberdon,24.0,10/06/2021
"minced chicken with onion, tomato, pepper (9/6/2021)",118.0,10/06/2021
kombucha,66.0,10/06/2021
"minced chicken with onion, tomato, pepper (9/6/2021)",332.0,10/06/2021
"mozzarella (Lidl, shredded)",48.0,10/06/2021
milk (magere),145.0,10/06/2021
peanut butter (100%),50.0,10/06/2021
"jam (blueberry, lowcarb)",12.0,10/06/2021
banana,100.0,10/06/2021
banana,100.0,11/06/2021
milk (magere),40.0,11/06/2021
"cottage cheese (Lidl, light)",200.0,11/06/2021
kombucha,95.0,11/06/2021
"chocolate (dark, 70%, JDGross)",21.0,11/06/2021
"minced chicken with onion, tomato, pepper (9/6/2021)",450.0,11/06/2021
basmati rice,125.0,11/06/2021
"cheese (Leerdammer, light)",50.0,11/06/2021
melon,74.0,11/06/2021
cuberdon,36.0,11/06/2021
kombucha,185.0,11/06/2021
melon,72.0,11/06/2021
fries (frozen),272.0,11/06/2021
"tropic fruit mix (Lidl, frozen)",259.0,11/06/2021
"shake with pb, oats, banana, milk, whey, cott. cheese and egg (11/6/2021)",260.0,11/06/2021
"hamburger (Lidl, pork)",160.0,11/06/2021
"cheese (Leerdammer, light)",25.0,11/06/2021
"hamburger (Lidl, pork)",160.0,12/06/2021
"shake with pb, oats, banana, milk, whey, cott. cheese and egg (11/6/2021)",90.0,12/06/2021
fresh cheese (Lidl),500.0,12/06/2021
melon,89.0,12/06/2021
"Biscino (Sonday, melkchocolade)",13.888888888888893,12/06/2021
kombucha,127.0,12/06/2021
"hamburger (Lidl, pork)",160.0,12/06/2021
"hamburger (Lidl, pork)",160.0,12/06/2021
"cheese (Leerdammer, light)",25.0,12/06/2021
fresh cheese (Lidl),500.0,12/06/2021
kombucha,118.0,12/06/2021
fries (frozen),200.0,12/06/2021
"ketchup (Aldi, hot)",10.0,12/06/2021
"ramen (Smack, kacsa)",400.0,12/06/2021
"shake with pb, oats, banana, milk, whey, cott. cheese and egg (11/6/2021)",80.0,13/06/2021
"cottage cheese (Lidl, light)",200.0,13/06/2021
milk (magere),50.0,13/06/2021
Kong Strong (Green),500.0,13/06/2021
milk (magere),100.0,13/06/2021
"shake with pb, oats, banana, milk, whey, cott. cheese and egg (11/6/2021)",140.0,13/06/2021
fries (frozen),304.0,13/06/2021
"mozzarella (Lidl, shredded)",100.0,13/06/2021
melon,150.0,13/06/2021
fresh cheese (Lidl),500.0,13/06/2021
"Biscino (Sonday, melkchocolade)",27.7777,13/06/2021
milk (magere),150.0,13/06/2021
kombucha,155.0,13/06/2021
"shake with pb, oats, banana, milk, whey, cott. cheese and egg (11/6/2021)",75.0,13/06/2021
"bread (Lidl, protein)",50.0,13/06/2021
"cheese (Leerdammer, light)",25.0,13/06/2021
"mozzarella (Aldi, mini, light)",33.3333,13/06/2021
"whey choco spread (Body&Fit, salted caramel)",22.0,13/06/2021
kombucha,150.0,13/06/2021
"dumplings (Kung Fu, chicken, mushroom)",228.6,13/06/2021
"Biscino (Sonday, melkchocolade)",13.888888888888893,14/06/2021
milk (magere),40.0,14/06/2021
"cottage cheese (Lidl, light)",200.0,14/06/2021
"Biscino (Sonday, melkchocolade)",13.888888888888893,14/06/2021
"shake with pb, oats, banana, milk, whey, cott. cheese and egg (11/6/2021)",100.0,14/06/2021
"hamburger (Lidl, pork)",320.0,14/06/2021
"tropic fruit mix (Lidl, frozen)",145.0,14/06/2021
bolognese (14/6/2021),100.0,14/06/2021
kombucha,200.0,14/06/2021
kombucha,140.0,14/06/2021
bolognese (14/6/2021),320.0,14/06/2021
"shake with pb, oats, banana, milk, whey, cott. cheese and egg (11/6/2021)",70.0,14/06/2021
bolognese (14/6/2021),250.0,14/06/2021
"mozzarella (Lidl, shredded)",40.0,14/06/2021
fresh cheese (Lidl),500.0,14/06/2021
kombucha,220.0,14/06/2021
"ketchup (Aldi, hot)",8.0,15/06/2021
chicken nuggets (BizBiz),250.0,15/06/2021
mango,180.0,15/06/2021
fresh cheese (Lidl),500.0,15/06/2021
chicken nuggets (BizBiz),134.615,15/06/2021
"Biscino (Sonday, melkchocolade)",41.66666666666668,15/06/2021
bolognese (14/6/2021),500.0,15/06/2021
"cheese (Leerdammer, light)",50.0,15/06/2021
kombucha,190.0,15/06/2021
"shake with pb, oats, banana, milk, whey, cott. cheese and egg (11/6/2021)",120.0,15/06/2021
milk (magere),140.0,15/06/2021
samurai sauce (Boni),10.0,15/06/2021
"shake with pb, oats, banana, milk, whey, cott. cheese and egg (11/6/2021)",135.0,15/06/2021
banana,95.0,15/06/2021
banana,100.0,16/06/2021
"cottage cheese (Lidl, light)",200.0,16/06/2021
milk (magere),40.0,16/06/2021
"speculoos paste (Mister Choc, crunchy)",25.0,16/06/2021
chicken nuggets (BizBiz),115.384615384,16/06/2021
Kong Strong (Green),500.0,16/06/2021
kombucha,330.0,16/06/2021
chicken nuggets (BizBiz),96.153846,16/06/2021
fresh cheese (Lidl),500.0,16/06/2021
chicken nuggets (BizBiz),115.384615384,16/06/2021
chicken nuggets (BizBiz),115.384615384,16/06/2021
"speculoos paste (Mister Choc, crunchy)",33.0,16/06/2021
milk (magere),290.0,16/06/2021
"baguette (Lidl, unbaked)",75.0,16/06/2021
"cheese (Leerdammer, light)",50.0,16/06/2021
mango,160.0,16/06/2021
milk (magere),40.0,16/06/2021
cottage cheese (Lidl),200.0,16/06/2021
"baguette (Lidl, unbaked)",75.0,16/06/2021
"cheese (Leerdammer, light)",50.0,16/06/2021
"baguette (Lidl, unbaked)",75.0,16/06/2021
"mozzarella (Aldi, mini, light)",92.0,16/06/2021
milk (magere),100.0,17/06/2021
"speculoos paste (Mister Choc, crunchy)",30.0,17/06/2021
fresh cheese (Lidl),500.0,17/06/2021
kombucha,75.0,17/06/2021
"fries (homemade, raw)",230.0,17/06/2021
"ketchup (Aldi, hot)",10.0,17/06/2021
"mozzarella (Lidl, shredded)",35.0,17/06/2021
"baguette (Lidl, unbaked)",75.0,17/06/2021
"cheese (Leerdammer, light)",25.0,17/06/2021
banana,86.0,17/06/2021
milk (magere),50.0,17/06/2021
cottage cheese (Lidl),200.0,17/06/2021
chicken nuggets (BizBiz),500.0,17/06/2021
"ketchup (Aldi, hot)",10.0,17/06/2021
fresh cheese (Lidl),500.0,17/06/2021
"speculoos paste (Mister Choc, crunchy)",35.0,17/06/2021
"baguette (Lidl, unbaked)",75.0,17/06/2021
"mozzarella (Lidl, shredded)",52.0,17/06/2021
milk (magere),204.0,17/06/2021
milk (magere),180.0,18/06/2021
"speculoos paste (Mister Choc, crunchy)",28.0,18/06/2021
fresh cheese (Lidl),250.0,18/06/2021
fried calamari (Lidl),250.0,18/06/2021
samurai sauce (Boni),8.0,18/06/2021
milk (magere),208.0,18/06/2021
fresh cheese (Delhaize),500.0,18/06/2021
"baguette (Lidl, unbaked)",150.0,18/06/2021
"cheese (Leerdammer, light)",50.0,18/06/2021
"speculoos paste (Mister Choc, crunchy)",30.0,18/06/2021
fresh cheese (Delhaize),500.0,18/06/2021
fish sticks (Lidl),30.0,18/06/2021
milk (magere),100.0,18/06/2021
"cottage cheese (Lidl, light)",200.0,18/06/2021
banana,80.0,18/06/2021
"speculoos paste (Mister Choc, crunchy)",35.0,19/06/2021
"baguette (Lidl, unbaked)",75.0,19/06/2021
milk (magere),150.0,19/06/2021
fresh cheese (Lidl),500.0,19/06/2021
chicken nuggets (BizBiz),500.0,19/06/2021
Kong Strong (Green),500.0,19/06/2021
"ketchup (Aldi, hot)",10.0,19/06/2021
fresh cheese (Lidl),500.0,19/06/2021
basmati rice,50.0,19/06/2021
bolognese (19/06/2021),210.0,19/06/2021
"mozzarella (Lidl, shredded)",25.0,19/06/2021
kombucha,180.0,19/06/2021
milk (magere),240.0,19/06/2021
milk (magere),74.0,19/06/2021
banana,100.0,19/06/2021
"cottage cheese (Lidl, light)",200.0,19/06/2021
cuberdon truffles (Lidl),11.67,19/06/2021
cuberdon truffles (Lidl),11.67,19/06/2021
milk (magere),416.0,19/06/2021
bolognese (19/06/2021),200.0,20/06/2021
"mozzarella (Lidl, shredded)",30.0,20/06/2021
fresh cheese (Lidl),500.0,20/06/2021
"baguette (Lidl, unbaked)",150.0,20/06/2021
bolognese (19/06/2021),500.0,20/06/2021
"mozzarella (Lidl, shredded)",54.0,20/06/2021
"mozzarella (Szarvasi, slices)",100.0,20/06/2021
bread (white),100.0,20/06/2021
"pasta (approx., 20/06/2019)",50.0,20/06/2021
"milk (1.5%, magyar)",200.0,20/06/2021
raffaello,10.0,20/06/2021
banana,100.0,20/06/2021
Frosties (Kellog's),50.0,20/06/2021
"milk (2.8%, magyar)",200.0,20/06/2021
"grilled chicken wing (approx., 20/06/2021)",50.0,20/06/2021
Frosties (Kellog's),100.0,21/06/2021
"milk (2.8%, magyar)",200.0,21/06/2021
Túró Rudi (gesztenyés),51.0,21/06/2021
Burn (orange),250.0,21/06/2021
"krém tehéntúró (Aldi, zsírszegény)",250.0,21/06/2021
"milk (2.8%, magyar)",40.0,21/06/2021
"jam (apricot, 45%)",20.0,21/06/2021
"mozzarella (Szarvasi, slices)",30.0,21/06/2021
bolognese (21/06/2021),250.0,21/06/2021
"bread (white, for toasting)",50.0,21/06/2021
"bread (white, for toasting)",50.0,21/06/2021
"mozzarella (Szarvasi, slices)",20.0,21/06/2021
"mozzarella (Szarvasi, slices)",20.0,21/06/2021
Hell (orange),250.0,21/06/2021
"krém tehéntúró (Aldi, zsírszegény)",250.0,21/06/2021
"milk (2.8%, magyar)",80.0,21/06/2021
choco syrup (Nesquik),15.0,21/06/2021
bolognese (21/06/2021),350.0,21/06/2021
"mozzarella (Szarvasi, slices)",30.0,21/06/2021
"bread (white, for toasting)",100.0,21/06/2021
oats,100.0,21/06/2021
"milk (2.8%, magyar)",200.0,21/06/2021
"krém tehéntúró (Aldi, zsírszegény)",200.0,22/06/2021
choco syrup (Nesquik),15.0,22/06/2021
"milk (2.8%, magyar)",80.0,22/06/2021
bolognese (21/06/2021),300.0,22/06/2021
"bread (white, for toasting)",50.0,22/06/2021
"emmentaler (45%, slices)",60.0,22/06/2021
"hamburger (approx., 22/06/2021)",300.0,22/06/2021
"milk (2.8%, magyar)",200.0,22/06/2021
bolognese (21/06/2021),300.0,22/06/2021
"baguette (Lidl, unbaked)",300.0,22/06/2021
honey,40.0,22/06/2021
Lipton ice tea,200.0,22/06/2021
"krém tehéntúró (Aldi, zsírszegény)",200.0,23/06/2021
"milk (2.8%, magyar)",50.0,23/06/2021
choco syrup (Nesquik),10.0,23/06/2021
double chili cheese burger (Burger King),159.6,23/06/2021
Texas sandwich (Burger King),174.0,23/06/2021
fries (Burger King),74.0,23/06/2021
double cheeseburger (McDonalds),173.0,23/06/2021
fries (Burger King),25.0,23/06/2021
Hell (orange),500.0,23/06/2021
double cheeseburger (McDonalds),173.0,23/06/2021
double cheeseburger (McDonalds),173.0,24/06/2021
double cheeseburger (McDonalds),346.0,24/06/2021
magvas-szilvás papucs (Tesco),93.0,24/06/2021
"sandwich (Lidl, turkey-egg)",185.0,24/06/2021
"protein bar (DM, 60%, toffee)",90.0,24/06/2021
"croissant sandwich (Starbucks, ham-cheese)",120.0,23/06/2021
chicken nuggets (BizBiz),192.3076923076923,24/06/2021
chicken nuggets (BizBiz),153.84615384615384,25/06/2021
samurai sauce (Boni),6.0,25/06/2021
fresh cheese (Lidl),500.0,25/06/2021
noodles (24/06/2021),120.0,25/06/2021
fried cauliflower (24/06/2021),35.0,25/06/2021
"protein bar (DM, 60%, toffee)",45.0,25/06/2021
chicken nuggets (BizBiz),200.0,25/06/2021
"ketchup (Aldi, hot)",10.0,25/06/2021
fresh cheese (Lidl),500.0,25/06/2021
"baguette (Lidl, unbaked)",75.0,25/06/2021
"speculoos paste (Mister Choc, crunchy)",46.0,25/06/2021
milk (magere),191.0,25/06/2021
banana,94.0,25/06/2021
"baguette (Lidl, unbaked)",150.0,26/06/2021
"speculoos paste (Mister Choc, crunchy)",10.0,26/06/2021
"whey choco spread (Body&Fit, salted caramel)",36.0,26/06/2021
"cheese (Leerdammer, light)",50.0,26/06/2021
chicken nuggets (BizBiz),76.92307692307692,26/06/2021
samurai sauce (Boni),6.0,26/06/2021
chicken nuggets (BizBiz),250.0,26/06/2021
milk (magere),464.0,26/06/2021
"rijstpap (Colruyt, Everyday)",200.0,26/06/2021
soft drink (48kcal),150.0,26/06/2021
chicken nuggets (BizBiz),250.0,26/06/2021
fresh cheese (Lidl),500.0,26/06/2021
tortilla chips,111.0,26/06/2021
wine (red),200.0,26/06/2021
noodles (24/06/2021),1.0,26/06/2021
"rijstpap (Colruyt, Everyday)",250.0,27/06/2021
banana,114.0,27/06/2021
milk (magere),35.0,27/06/2021
cottage cheese (Lidl),200.0,27/06/2021
banana,114.0,27/06/2021
milk (magere),151.0,27/06/2021
"lasagne (Carrefour, bolognese)",400.0,27/06/2021
"ice cream (Carrefour, Dame Blanche)",384.0,27/06/2021
fresh cheese (Lidl),500.0,27/06/2021
bolognese (21/06/2021),173.0,27/06/2021
"ramen (Lidl, chicken)",485.0,27/06/2021
milk (magere),74.0,27/06/2021
cottage cheese (Lidl),200.0,27/06/2021
crackers (Lidl),15.0,27/06/2021
milk slice (Kinder),56.0,28/06/2021
fresh cheese (Lidl),500.0,28/06/2021
milk (magere),200.0,28/06/2021
"hamburger (Lidl, pork)",160.0,28/06/2021
"hamburger (Lidl, pork)",160.0,28/06/2021
milk slice (Kinder),28.0,28/06/2021
milk (magere),305.0,28/06/2021
"baguette (Lidl, unbaked)",150.0,28/06/2021
"gouda cheese (Lidl, slices with skin)",160.0,28/06/2021
kriek (Lindemans),250.0,28/06/2021
popcorn,30.0,28/06/2021
milk (magere),51.0,28/06/2021
cottage cheese (Lidl),200.0,28/06/2021
fresh cheese (Lidl),500.0,29/06/2021
milk slice (Kinder),28.0,29/06/2021
"baguette (Lidl, unbaked)",75.0,29/06/2021
"gouda cheese (Lidl, slices with skin)",40.0,29/06/2021
milk (magere),214.0,29/06/2021
milk slice (Kinder),56.0,29/06/2021
"hamburger (Lidl, pork)",320.0,29/06/2021
fresh cheese (Lidl),500.0,29/06/2021
melon,99.0,29/06/2021
kaiser bun (Lidl),134.0,29/06/2021
"gouda cheese (Lidl, slices with skin)",80.0,29/06/2021
kombucha,400.0,29/06/2021
milk slice (Kinder),28.0,29/06/2021
melon,300.0,29/06/2021
kaiser bun (Lidl),134.0,30/06/2021
"minced chicken with onion, tomato (29/6/2021)",182.0,30/06/2021
"gouda cheese (Lidl, slices with skin)",40.0,30/06/2021
milk (magere),262.0,30/06/2021
melon,85.0,30/06/2021
banana,105.0,30/06/2021
"ice cream (Carrefour, Dame Blanche)",20.0,30/06/2021
"ice cream (Carrefour, Dame Blanche)",20.0,30/06/2021
"minced chicken with onion, tomato (29/6/2021)",212.0,30/06/2021
"mozzarella (Colruyt, shredded)",31.0,30/06/2021
"panini (Boni, unbaked)",120.0,30/06/2021
fresh cheese (Lidl),500.0,30/06/2021
"speculoos paste (Lotus, crunchy)",50.0,30/06/2021
"panini (Boni, unbaked)",60.0,30/06/2021
milk (magere),240.0,30/06/2021
"croissant (Delhaize, hazelnut)",144.0,30/06/2021
kombucha,67.0,30/06/2021
milk (magere),74.0,30/06/2021
"cottage cheese (Lidl, light)",200.0,30/06/2021
"minced chicken with onion, tomato (29/6/2021)",176.0,01/07/2021
"mozzarella (Colruyt, shredded)",30.0,01/07/2021
"panini (Boni, unbaked)",60.0,01/07/2021
"speculoos paste (Lotus, crunchy)",40.0,01/07/2021
melon,232.0,01/07/2021
fresh cheese (Lidl),500.0,01/07/2021
"ice cream (Carrefour, Dame Blanche)",38.0,01/07/2021
"ice tea (Lipton, sparkling)",500.0,01/07/2021
wine (red),200.0,01/07/2021
burger bread (Carrefour),75.0,01/07/2021
brie cheese,90.0,01/07/2021
baguette,83.0,01/07/2021
hamburger patty (Carrefour),153.5,01/07/2021
fresh cheese spread (Lidl),40.0,01/07/2021
"beef meatballs (Carrefour, 72%)",100.0,01/07/2021
baguette,50.0,01/07/2021
muhammara,5.0,01/07/2021
wine (red),100.0,01/07/2021
"cottage cheese (Lidl, light)",200.0,01/07/2021
milk (magere),42.0,01/07/2021
baguette,45.0,02/07/2021
"minced chicken with onion, tomato (29/6/2021)",167.0,02/07/2021
baguette,66.0,02/07/2021
"speculoos paste (Lotus, crunchy)",58.0,02/07/2021
melon,158.0,02/07/2021
melon,68.0,02/07/2021
"greek yogurt (Oikos, vanilla)",230.0,02/07/2021
fresh cheese (Lidl),500.0,02/07/2021
kiwi,100.0,02/07/2021
"minced chicken with onion, tomato (29/6/2021)",89.0,02/07/2021
"minced chicken with onion, tomato (29/6/2021)",90.0,02/07/2021
"hamburger (Lidl, pork)",160.0,02/07/2021
tortilla chips,102.0,02/07/2021
minced chicken dough balls (2/7/2021),206.0,02/07/2021
kiwi,100.0,02/07/2021
melon,100.0,02/07/2021
"greek yogurt (Oikos, vanilla)",115.0,03/07/2021
fresh cheese (Lidl),500.0,03/07/2021
"hamburger (Lidl, pork)",160.0,03/07/2021
"mozzarella (Colruyt, shredded)",15.0,03/07/2021
melon,107.0,03/07/2021
"minced chicken with onion, tomato (29/6/2021)",122.0,03/07/2021
"baguette (Lidl, unbaked)",75.0,03/07/2021
"greek yogurt (Oikos, vanilla)",115.0,03/07/2021
"minced pork with onion, tomato, pepper (2/7/2021)",142.0,03/07/2021
"baguette (Lidl, unbaked)",75.0,03/07/2021
"speculoos paste (Lotus, crunchy)",40.0,03/07/2021
melon,95.0,03/07/2021
milk (magere),272.0,03/07/2021
kombucha,167.0,03/07/2021
fresh cheese (Lidl),500.0,03/07/2021
"baguette (Lidl, unbaked)",150.0,04/07/2021
"minced pork with onion, tomato, pepper (2/7/2021)",168.0,04/07/2021
"speculoos paste (Lotus, crunchy)",36.0,04/07/2021
banana,100.0,04/07/2021
cottage cheese (Lidl),200.0,04/07/2021
milk (magere),30.0,04/07/2021
basmati rice,62.5,04/07/2021
"minced pork with onion, tomato, pepper (2/7/2021)",150.0,04/07/2021
"speculoos paste (Lotus, crunchy)",35.0,04/07/2021
"whey powder (Myprotein, Impact Whey)",70.0,04/07/2021
milk (magere),312.0,04/07/2021
egg,48.0,04/07/2021
kombucha,220.0,04/07/2021
kombucha,205.0,04/07/2021
"grilled chicken wing (approx., 20/06/2021)",25.0,04/07/2021
greek pasta (Boni),100.0,04/07/2021
grilled pork ribs (approx. 4/7/2021),64.0,04/07/2021
"minced pork with onion, tomato, pepper (2/7/2021)",204.0,04/07/2021
"mozzarella (Colruyt, shredded)",10.0,04/07/2021
kombucha,177.0,04/07/2021
melon,142.0,05/07/2021
banana,96.0,05/07/2021
döner kebab (approx.),200.0,05/07/2021
samurai sauce (Boni),20.0,05/07/2021
fresh cheese (Lidl),500.0,05/07/2021
chicken nuggets (BizBiz),340.0,05/07/2021
"baguette (Lidl, unbaked)",150.0,05/07/2021
"baguette (Lidl, unbaked)",37.5,05/07/2021
fresh cheese spread (Lidl),45.0,05/07/2021
"ham (Aldi, filet de saxe)",75.0,05/07/2021
"gouda cheese (Aldi, bio, slices)",45.0,05/07/2021
,20.0,05/07/2021
"panini (Boni, unbaked)",30.0,05/07/2021
banana,100.0,05/07/2021
"milk (1.5%, Romanian)",138.0,06/07/2021
"cottage cheese (Hochland, margele de branza)",360.0,06/07/2021
"bread (brown, for toast, 6/7/2021)",48.0,06/07/2021
cheese spread (Gordon),25.0,06/07/2021
"coffee (Müller, espresso macchiato)",250.0,06/07/2021
hot wings (KFC),90.0,06/07/2021
strips (KFC),60.0,06/07/2021
fries (Burger King),60.0,06/07/2021
glenm sauce (KFC),38.66666666666666,06/07/2021
"protein bar (DM, 60%, toffee)",45.0,06/07/2021
double cheeseburger (McDonalds),173.0,06/07/2021
double cheeseburger (McDonalds),173.0,06/07/2021
"ice cream (Corso, lime)",100.0,06/07/2021
"radler (1.9%, Ciuc)",500.0,06/07/2021
"cottage cheese (Hochland, margele de branza)",180.0,06/07/2021
"milk (1.5%, Romanian)",355.0,06/07/2021
chicken nuggets (BizBiz),100.0,06/07/2021
"cottage cheese (Covalact, bulgarasi de branza)",300.0,07/07/2021
chicken nuggets (BizBiz),60.0,07/07/2021
"bread (brown, for toast, 6/7/2021)",110.0,07/07/2021
ice cream (Maxi Magic),90.0,07/07/2021
"cascaval cheese (Delhaize, smoked)",45.0,07/07/2021
"ham (Matache Macelaru, cotlet haiducesc)",12.0,07/07/2021
goat kefir (3.9%),330.0,07/07/2021
"coffee (Müller, espresso macchiato)",250.0,07/07/2021
crispy sandwich (KFC),90.0,07/07/2021
covridog,110.0,07/07/2021
filled pretzel (sour cherry),105.0,07/07/2021
plate of gyros (approx.),300.0,07/07/2021
samurai sauce (Boni),20.0,07/07/2021
watermelon,500.0,07/07/2021
"cottage cheese (Covalact, bulgarasi de branza)",300.0,07/07/2021
"milk (1.5%, Romanian)",219.0,07/07/2021
covridog,220.0,08/07/2021
"wrap (thai, Carrefour Express)",270.0,08/07/2021
"drinking yoghurt (Actimel, forest fruits, cereals)",320.0,08/07/2021
"ice cream (Napoca, white chocolate, almond)",75.0,08/07/2021
melon,300.0,08/07/2021
"cottage cheese (Covalact, bulgarasi de branza)",360.0,08/07/2021
"ham (Matache Macelaru, cotlet haiducesc)",24.0,08/07/2021
"cascaval cheese (Delhaize, smoked)",15.0,08/07/2021
"bread (brown, for toast, 6/7/2021)",150.0,08/07/2021
"ketchup (Aldi, hot)",10.0,08/07/2021
"bean paste (Mega, fasole batuta)",60.0,08/07/2021
grilled chicken breast (Mega),96.0,08/07/2021
strudel (Luca),100.0,08/07/2021
strudel (Luca),50.0,08/07/2021
"cottage cheese (Covalact, bulgarasi de branza)",180.0,09/07/2021
"milk (1.5%, Romanian)",1009.0,09/07/2021
covridog,220.0,09/07/2021
strudel (Luca),50.0,09/07/2021
watermelon,480.0,09/07/2021
baguette,66.0,09/07/2021
"pizzetti (7Days, tomato, cheese)",40.0,09/07/2021
"cream spread, high protein (Lidl, Skyr based)",40.0,09/07/2021
"mousse (Lidl, caramel)",40.0,09/07/2021
"cottage cheese (Lidl, perle de branza, 6%)",200.0,09/07/2021
baguette,50.0,09/07/2021
smoked chicken leg (Lidl),40.0,09/07/2021
smoked chicken leg (Lidl),45.0,09/07/2021
"cream spread, high protein (Lidl, Skyr based)",40.0,09/07/2021
baguette,77.0,09/07/2021
"milk (1.5%, Romanian)",200.0,09/07/2021
"cheese (Lidl, branza de sandvis)",41.66666666666666,09/07/2021
watermelon,280.0,09/07/2021
"croissant (Lidl, ham-cheese)",95.0,09/07/2021
"croissant (Lidl, butter)",50.0,09/07/2021
"milk (1.5%, Romanian)",37.0,10/07/2021
"quark (Lidl, low-fat)",250.0,10/07/2021
"mousse (Lidl, caramel)",40.0,10/07/2021
quark snack (Lidl),30.0,10/07/2021
sausage roll (Lidl),100.0,10/07/2021
baguette,72.0,10/07/2021
"bean paste (Mega, fasole batuta)",50.0,10/07/2021
smoked chicken leg (Lidl),50.0,10/07/2021
cappuccino (Lidl),330.0,10/07/2021
"radler (1.9%, Ciuc)",500.0,10/07/2021
baguette,72.0,10/07/2021
smoked chicken leg (Lidl),61.0,10/07/2021
"cheese (Lidl, branza de sandvis)",41.66666666666666,10/07/2021
"cottage cheese (Lidl, perle de branza, 3%)",200.0,10/07/2021
"cottage cheese (Lidl, perle de branza, 3%)",200.0,10/07/2021
"milk (1.5%, Romanian)",306.0,10/07/2021
"protein bar (DM, 60%, toffee)",45.0,10/07/2021
watermelon,118.0,10/07/2021
"protein bar (DM, 50%, crispy pb)",30.0,10/07/2021
double cheeseburger (McDonalds),173.0,10/07/2021
"milk (1.5%, Romanian)",72.0,10/07/2021
baguette,68.0,10/07/2021
"cream spread, high protein (Lidl, Skyr based)",30.0,10/07/2021
"bean paste (Mega, fasole batuta)",17.0,10/07/2021
smoked chicken leg (Lidl),51.0,10/07/2021
"cottage cheese (Lidl, perle de branza, 6%)",200.0,11/07/2021
"mousse (Lidl, caramel)",80.0,11/07/2021
smoked chicken leg (Lidl),60.0,11/07/2021
kaiser bun (Lidl),165.0,11/07/2021
"bean paste (Mega, fasole batuta)",60.0,11/07/2021
"cheese (Lidl, branza de sandvis)",125.0,11/07/2021
"ham (Lidl, pork, Romanian)",56.25,11/07/2021
quark snack (Lidl),30.0,11/07/2021
"milk (1.5%, Romanian)",321.0,11/07/2021
covrig (sesame),80.0,11/07/2021
"cottage cheese (Hochland, margele de branza)",180.0,11/07/2021
"radler (1.9%, Ciuc)",500.0,11/07/2021
cider (Strongbow),330.0,11/07/2021
"gyros (Spartan, Leonidas)",390.0,11/07/2021
watermelon,300.0,11/07/2021
"cottage cheese (Hochland, margele de branza)",180.0,11/07/2021
baguette,18.0,11/07/2021
"milk (1.5%, Romanian)",100.0,11/07/2021
"milk (1.5%, Romanian)",175.0,11/07/2021
Mexicorn (Mogyi),40.0,11/07/2021
baguette,99.0,12/07/2021
"cascaval cheese (Delhaize, smoked)",42.857142857142854,12/07/2021
"cottage cheese (Hochland, margele de branza)",180.0,12/07/2021
"ketchup (Aldi, hot)",3.0,12/07/2021
"cream spread (Hochland, herbs)",22.0,12/07/2021
baguette,70.0,12/07/2021
"coffee (Müller, espresso macchiato)",330.0,12/07/2021
hot dog sausage (approx.),35.0,12/07/2021
"ketchup (Aldi, hot)",10.0,12/07/2021
mustard,10.0,12/07/2021
"milk (1.5%, Romanian)",100.0,12/07/2021
"jam (apricot, 45%)",15.0,12/07/2021
kürtös kalács,100.0,12/07/2021
"cottage cheese (Hochland, margele de branza)",180.0,12/07/2021
cider (Strongbow),330.0,12/07/2021
bell pepper,44.0,12/07/2021
onion,26.0,12/07/2021
basmati rice,62.5,12/07/2021
carrot,36.75,12/07/2021
garlic,3.75,12/07/2021
chicken breast (raw),187.5,12/07/2021
honey,6.25,12/07/2021
covridog,275.0,13/07/2021
"cascaval cheese (Delhaize, smoked)",42.857142857142854,13/07/2021
kaiser bun (Lidl),200.0,13/07/2021
"cream spread (Hochland, herbs)",30.0,13/07/2021
"milk (1.5%, Romanian)",323.0,13/07/2021
"cottage cheese (Hochland, margele de branza)",360.0,13/07/2021
"milk (1.5%, Romanian)",100.0,13/07/2021
instant coffee 3-in-1 (Nescafé),7.0,13/07/2021
eggplant paste (Mega),30.0,13/07/2021
white bread,40.0,13/07/2021
cevapi,25.0,13/07/2021
"milk (1.5%, Romanian)",190.0,13/07/2021
milk burger (Eti),35.0,13/07/2021
rice pudding (Müller),200.0,13/07/2021
corn flakes (Auchan),50.0,13/07/2021
"milk (1.5%, Romanian)",203.0,13/07/2021
"milk (1.5%, Romanian)",500.0,14/07/2021
corn flakes (Auchan),100.0,14/07/2021
crackers (Wasa),34.5,14/07/2021
"bean paste (Mega, fasole batuta)",20.0,14/07/2021
"cream spread (Hochland, herbs)",40.0,14/07/2021
"cottage cheese (Hochland, margele de branza)",180.0,14/07/2021
strudel (Luca),100.0,14/07/2021
Hell (orange),250.0,13/07/2021
Hell (orange),250.0,14/07/2021
kombucha,197.0,14/07/2021
"cottage cheese (Hochland, margele de branza)",180.0,14/07/2021
bread (white),10.0,14/07/2021
kaiser bun (Lidl),165.0,14/07/2021
"bean paste (Mega, fasole batuta)",75.0,14/07/2021
cascaval cheese (Delhaize),128.57142857142856,14/07/2021
"ham (365 essential, pork)",60.0,14/07/2021
covridog,110.0,14/07/2021
"protein bar (DM, 50%, crispy vanille)",45.0,14/07/2021
"protein bar (DM, 50%, crispy stracciatella)",45.0,15/07/2021
hot dog (Lidl),125.0,15/07/2021
"skyr (Lidl, flavored)",150.0,15/07/2021
"skyr (Lidl, flavored)",150.0,15/07/2021
sugar,3.0,14/07/2021
"ham (Lidl, filet de saxe)",12.5,15/07/2021
"gouda cheese (Lidl, slices without skin)",33.0,15/07/2021
kaiser bun (Lidl),77.0,15/07/2021
chicken nuggets (BizBiz),500.0,15/07/2021
kaiser bun (Lidl),77.0,15/07/2021
"speculoos paste (Lotus, crunchy)",43.0,15/07/2021
kombucha,257.0,15/07/2021
kaiser bun (Lidl),73.0,15/07/2021
"gouda cheese (Lidl, slices without skin)",32.0,15/07/2021
"ham (Lidl, filet de saxe)",11.0,15/07/2021
"skyr (Lidl, flavored)",150.0,15/07/2021
"skyr (Lidl, flavored)",150.0,15/07/2021
kaiser bun (Lidl),75.0,16/07/2021
"gouda cheese (Lidl, slices without skin)",66.0,16/07/2021
milk (magere),352.0,16/07/2021
corn flakes (365 essential),100.0,16/07/2021
"skyr (Lidl, flavored)",150.0,16/07/2021
milk (magere),100.0,16/07/2021
"coffee (Lidl, espresso macchiato)",330.0,15/07/2021
"baguette (Lidl, unbaked)",150.0,16/07/2021
"cooked meatballs (Lidl, chicken, patty shaped)",197.0,16/07/2021
"coffee (Lidl, espresso macchiato)",330.0,16/07/2021
fresh cheese (Lidl),500.0,16/07/2021
hot dog (Lidl),125.0,16/07/2021
corn flakes (365 essential),50.0,16/07/2021
milk (magere),170.0,16/07/2021
milk (magere),124.0,16/07/2021
corn flakes (365 essential),40.0,16/07/2021
"cooked meatballs (Lidl, chicken, patty shaped)",224.0,17/07/2021
"baguette (Lidl, unbaked)",150.0,17/07/2021
corn flakes (365 essential),20.0,17/07/2021
milk (magere),80.0,17/07/2021
soft drink (48kcal),600.0,17/07/2021
soft drink (48kcal),200.0,17/07/2021
"protein bar (DM, 60%, toffee)",45.0,17/07/2021
fresh cheese (Lidl),500.0,17/07/2021
kombucha,100.0,17/07/2021
"pizza (Domino's, spicy chicken)",868.0,17/07/2021
milk (magere),90.0,18/07/2021
Hell (orange),250.0,18/07/2021
"protein bar (DM, 60%, toffee)",45.0,18/07/2021
"cooked meatballs (Lidl, pork, patty shaped)",92.0,18/07/2021
bread (white),99.0,18/07/2021
"cooked meatballs (Lidl, pork, patty shaped)",90.0,18/07/2021
"sausage (Lidl, frankfurter)",150.0,18/07/2021
bread (white),150.0,18/07/2021
corn flakes (365 essential),40.0,18/07/2021
milk (magere),183.0,18/07/2021
fresh cheese (Lidl),500.0,18/07/2021
corn flakes (365 essential),50.0,18/07/2021
milk (magere),225.0,18/07/2021
corn flakes (365 essential),50.0,18/07/2021
milk (magere),193.0,18/07/2021
"cooked meatballs (Lidl, pork, patty shaped)",101.0,19/07/2021
bread (white),40.0,19/07/2021
bread (white),40.0,19/07/2021
"coffee (Lidl, espresso macchiato)",330.0,19/07/2021
"ketchup (Aldi, hot)",3.0,18/07/2021
"ketchup (Aldi, hot)",5.0,19/07/2021
bread (white),110.0,19/07/2021
"sausage (Lidl, frankfurter)",150.0,19/07/2021
"cooked meatballs (Lidl, pork, patty shaped)",16.125,19/07/2021
kombucha,289.0,19/07/2021
bread (white),101.0,19/07/2021
"cooked meatballs (Lidl, pork, patty shaped)",154.0,19/07/2021
corn flakes (365 essential),50.0,19/07/2021
milk (magere),252.0,19/07/2021
fresh cheese (Lidl),500.0,19/07/2021
bread (white),75.0,19/07/2021
martino spread,29.0,19/07/2021
fresh cheese (Lidl),500.0,20/07/2021
"coffee (Lidl, espresso macchiato)",330.0,20/07/2021
bread (white),175.0,20/07/2021
"gouda cheese (Lidl, slices without skin)",60.0,20/07/2021
martino spread,32.0,20/07/2021
bread (white),66.0,20/07/2021
"speculoos paste (Lotus, crunchy)",35.0,20/07/2021
Hell (orange),250.0,20/07/2021
corn flakes (Lidl),101.0,20/07/2021
milk (magere),173.0,20/07/2021
milk (magere),461.0,20/07/2021
"lasagne (Lidl, vegan, bolognese)",400.0,20/07/2021
martino spread,62.0,20/07/2021
"baguette (Lidl, unbaked)",75.0,20/07/2021
"baguette (Lidl, unbaked)",75.0,20/07/2021
martino spread,35.0,20/07/2021
kippenborrelhapjes (Lidl),111.11111111111113,20/07/2021
fresh cheese (Lidl),500.0,21/07/2021
"coffee (Lidl, espresso macchiato)",330.0,21/07/2021
"baguette (Lidl, unbaked)",150.0,21/07/2021
kippenborrelhapjes (Lidl),166.66666666666669,21/07/2021
"gouda cheese (Lidl, slices without skin)",33.0,21/07/2021
corn flakes (Lidl),86.0,21/07/2021
milk (magere),329.0,21/07/2021
bread (white),58.0,21/07/2021
"gouda cheese (Lidl, slices without skin)",66.0,21/07/2021
corn flakes (Lidl),44.0,21/07/2021
milk (magere),207.0,21/07/2021
milk (magere),239.0,21/07/2021
corn flakes (Lidl),43.0,21/07/2021
"speculoos paste (Lotus, crunchy)",33.0,21/07/2021
"baguette (Lidl, unbaked)",75.0,21/07/2021
milk (magere),332.0,21/07/2021
fresh cheese (Lidl),500.0,22/07/2021
"baguette (Lidl, unbaked)",75.0,22/07/2021
kippenborrelhapjes (Lidl),166.66666666666669,22/07/2021
pralines,11.111111111111107,22/07/2021
banana bread,83.0,22/07/2021
kombucha,130.0,22/07/2021
emmentaler (shredded),70.0,22/07/2021
"baguette (Lidl, unbaked)",150.0,22/07/2021
"speculoos paste (Mister Choc, crunchy)",30.0,22/07/2021
"churros (Lidl, unbaked)",25.0,22/07/2021
watermelon,100.0,22/07/2021
"churros (Lidl, unbaked)",125.0,22/07/2021
olive oil,15.0,22/07/2021
watermelon,150.0,22/07/2021
fresh cheese (Lidl),500.0,22/07/2021
"churros (Lidl, unbaked)",50.0,22/07/2021
olive oil,6.0,22/07/2021
kombucha,221.0,22/07/2021
"baguette (Lidl, unbaked)",113.0,22/07/2021
"mozzarella (Lidl, shredded)",46.0,22/07/2021
"ham (Lidl, filet de saxe)",27.0,22/07/2021
corn flakes (Lidl),40.0,22/07/2021
milk (magere),201.0,22/07/2021
"mozzarella (Lidl, shredded)",48.0,23/07/2021
"ham (Lidl, filet de saxe)",20.0,23/07/2021
"baguette (Lidl, unbaked)",150.0,23/07/2021
"mozzarella (Lidl, shredded)",41.0,23/07/2021
corn flakes (Lidl),115.0,23/07/2021
milk (magere),458.0,23/07/2021
milk (magere),437.0,24/07/2021
corn flakes (Lidl),114.0,24/07/2021
tortilla chips,150.0,23/07/2021
"coffee (Lidl, espresso macchiato)",330.0,23/07/2021
chicken thigh (raw),250.0,23/07/2021
carrot,42.5,23/07/2021
onion,87.5,23/07/2021
soy sauce (chili and garlic),15.0,23/07/2021
oyster sauce (thick),10.0,23/07/2021
honey,5.0,23/07/2021
ramen noodles,85.0,23/07/2021
"ice cream (Lidl, little octo)",51.0,23/07/2021
salmon salad spread (Lidl),59.0,24/07/2021
guacamole (Lidl),20.0,24/07/2021
guacamole (Lidl),20.0,24/07/2021
salmon salad spread (Lidl),29.0,24/07/2021
tortilla chips,15.0,24/07/2021
"baguette (Lidl, unbaked)",150.0,24/07/2021
"skyr (Lidl, flavored)",150.0,24/07/2021
"coffee (Lidl, espresso macchiato)",289.0,24/07/2021
Asian honey chicken thighs (Alina's),200.0,24/07/2021
basmati rice,62.5,24/07/2021
salmon salad spread (Lidl),74.0,24/07/2021
salmon salad spread (Lidl),61.0,24/07/2021
guacamole (Lidl),26.0,24/07/2021
"mozzarella (Lidl, shredded)",12.0,24/07/2021
"baguette (Lidl, unbaked)",150.0,24/07/2021
guacamole (Lidl),35.0,24/07/2021
tortilla chips,15.0,24/07/2021
Asian honey chicken thighs (Alina's),52.0,24/07/2021
fresh cheese (Lidl),500.0,25/07/2021
Chinese egg noodles (thick),62.5,25/07/2021
Asian honey chicken thighs (Alina's),150.0,25/07/2021
"Greek yogurt (Lidl, honey)",450.0,25/07/2021
"protein bar (DM, 60%, toffee)",45.0,25/07/2021
chicken nuggets (BizBiz),230.7692307692308,25/07/2021
samurai sauce (Boni),5.0,25/07/2021
"skyr (Lidl, flavored)",150.0,25/07/2021
guacamole (Lidl),51.0,25/07/2021
tortilla chips,25.0,25/07/2021
corn flakes (Lidl),100.0,25/07/2021
milk (magere),400.0,25/07/2021
kombucha,166.0,25/07/2021
samurai sauce (Boni),7.0,25/07/2021
chicken nuggets (BizBiz),115.3846153846154,25/07/2021
chicken nuggets (BizBiz),38.46153846153846,25/07/2021
sangria,300.0,23/07/2021
chicken nuggets (BizBiz),57.69230769230769,25/07/2021
samurai sauce (Boni),1.0,25/07/2021
fresh cheese (Lidl),500.0,26/07/2021
"baguette (Lidl, unbaked)",88.0,26/07/2021
Asian honey chicken thighs (Alina's),161.0,26/07/2021
"mozzarella (Lidl, shredded)",5.0,26/07/2021
fresh cheese spread (Lidl),32.0,26/07/2021
guacamole (Lidl),37.0,26/07/2021
tortilla chips,40.0,26/07/2021
corn flakes (Lidl),88.0,26/07/2021
milk (magere),281.0,26/07/2021
"gouda cheese (Lidl, slices without skin)",67.0,26/07/2021
"baguette (Lidl, unbaked)",150.0,26/07/2021
"gouda cheese (Lidl, slices without skin)",67.0,26/07/2021
milk (magere),307.0,26/07/2021
quatre-quarts (Lidl),100.0,26/07/2021
corn flakes (Lidl),50.0,26/07/2021
milk (magere),235.0,26/07/2021
milk (magere),480.0,27/07/2021
corn flakes (Lidl),129.0,27/07/2021
Asian honey chicken thighs (Alina's),175.0,27/07/2021
"coffee (Lidl, espresso macchiato)",175.0,27/07/2021
Asian honey chicken breast (Alina's),150.0,27/07/2021
Chinese egg noodles (thick),125.0,27/07/2021
quatre-quarts (Lidl),71.0,27/07/2021
milk (magere),278.0,27/07/2021
"skyr (Lidl, flavored)",150.0,27/07/2021
fresh cheese (Lidl),500.0,27/07/2021
"baguette (Lidl, unbaked)",150.0,27/07/2021
"gouda cheese (Lidl, slices without skin)",68.0,27/07/2021
"gouda cheese (Lidl, slices without skin)",67.0,27/07/2021
corn flakes (Lidl),100.0,28/07/2021
milk (magere),466.0,28/07/2021
"coffee (Lidl, espresso macchiato)",330.0,28/07/2021
milk (magere),92.0,28/07/2021
quatre-quarts (Lidl),71.0,28/07/2021
quatre-quarts (Lidl),39.0,28/07/2021
milk (magere),19.0,28/07/2021
"baguette (Lidl, unbaked)",150.0,28/07/2021
"gouda cheese (Lidl, slices without skin)",67.0,28/07/2021
Asian honey chicken breast (Alina's),205.0,28/07/2021
Chinese egg noodles (thick),62.5,28/07/2021
fresh cheese (Lidl),500.0,28/07/2021
quatre-quarts (Lidl),49.0,28/07/2021
milk (magere),250.0,28/07/2021
Asian honey chicken breast (Alina's),122.0,28/07/2021
energy drink (59 kcal),250.0,28/07/2021
"baguette (Lidl, unbaked)",75.0,29/07/2021
emmentaler (shredded),70.0,29/07/2021
"ice cream (Lidl, rocket)",64.0,29/07/2021
"ice cream (Lidl, sun fruit orange)",63.5,26/07/2021
"ice cream (Lidl, mini fruit strawberry)",37.0,26/07/2021
"ice cream (Lidl, pushup)",46.0,26/07/2021
"coffee (Lidl, espresso macchiato)",330.0,29/07/2021
"gouda cheese (Lidl, slices without skin)",33.0,29/07/2021
Asian honey chicken breast (Alina's),150.0,29/07/2021
basmati rice,62.5,29/07/2021
"gouda cheese (Lidl, slices without skin)",36.0,29/07/2021
"speculoos paste (Mister Choc, crunchy)",39.0,29/07/2021
"kaiser bun (Lidl, unbaked)",300.0,29/07/2021
"gouda cheese (Lidl, slices without skin)",98.0,29/07/2021
fresh cheese (Lidl),500.0,29/07/2021
crackers (Lidl),14.0,29/07/2021
"skyr (Lidl, flavored)",150.0,29/07/2021
corn flakes (Lidl),126.0,30/07/2021
milk (magere),546.0,30/07/2021
chicken nuggets (BizBiz),500.0,30/07/2021
"kaiser bun (Lidl, unbaked)",150.0,30/07/2021
basmati rice,62.5,30/07/2021
"gouda cheese (Lidl, slices without skin)",100.0,30/07/2021
"ice cream (Lidl, sun fruit orange)",37.0,30/07/2021
Asian honey chicken thighs 2 (Alina's),150.0,30/07/2021
"ice cream (Lidl, little octo)",51.0,30/07/2021
corn flakes (Lidl),70.0,30/07/2021
milk (magere),300.0,30/07/2021
sugar,5.0,31/07/2021
fresh cheese (Lidl),500.0,31/07/2021
"speculoos paste (Mister Choc, crunchy)",20.0,31/07/2021
milk (magere),203.0,31/07/2021
chicken nuggets (BizBiz),458.33333333333326,31/07/2021
"protein bar (DM, 60%, toffee)",45.0,31/07/2021
"ice cream (Lidl, little octo)",51.0,31/07/2021
Asian honey chicken thighs 2 (Alina's),187.0,31/07/2021
basmati rice,62.5,31/07/2021
quatre-quarts (Lidl),78.0,31/07/2021
milk (magere),70.0,31/07/2021
corn flakes (Lidl),53.0,31/07/2021
milk (magere),180.0,31/07/2021
milk (magere),241.0,31/07/2021
banana,71.0,01/08/2021
"baguette (Lidl, unbaked)",150.0,01/08/2021
"gouda cheese (Lidl, slices without skin)",31.0,01/08/2021
emmentaler (shredded),70.0,01/08/2021
quatre-quarts (Lidl),45.0,01/08/2021
milk (magere),133.0,01/08/2021
Asian honey chicken thighs 2 (Alina's),245.0,01/08/2021
"baguette (Lidl, unbaked)",150.0,01/08/2021
"ice cream (Lidl, little octo)",51.0,01/08/2021
banana,70.0,01/08/2021
fresh cheese (Lidl),500.0,01/08/2021
"ice cream (Lidl, little octo)",51.0,01/08/2021
quatre-quarts (Lidl),73.0,02/08/2021
milk (magere),63.0,02/08/2021
chicken nuggets (BizBiz),500.0,02/08/2021
meatballs (2/8/2021),72.0,02/08/2021
"protein bar (DM, 60%, toffee)",45.0,02/08/2021
"ice cream (Lidl, little octo)",51.0,02/08/2021
crackers (Lidl),30.0,02/08/2021
meatballs (2/8/2021),180.0,02/08/2021
"ramen (Lidl, chicken)",485.0,01/08/2021
"speculoos paste (Mister Choc, crunchy)",24.0,02/08/2021
fresh cheese (Lidl),500.0,02/08/2021
quatre-quarts (Lidl),84.0,03/08/2021
milk (magere),126.0,03/08/2021
"coffee (Lidl, espresso macchiato)",330.0,02/08/2021
"coffee (Lidl, espresso macchiato)",330.0,03/08/2021
"gouda cheese (Lidl, slices without skin)",39.0,03/08/2021
"baguette (Lidl, unbaked)",300.0,03/08/2021
meatballs (2/8/2021),360.0,03/08/2021
"cream spread, high protein (Lidl, Skyr based)",55.0,03/08/2021
"ice cream (Lidl, little octo)",51.0,03/08/2021
fresh cheese (Lidl),500.0,03/08/2021
meatballs (2/8/2021),108.0,03/08/2021
"baguette (Lidl, unbaked)",150.0,04/08/2021
"gouda cheese (Lidl, slices without skin)",67.0,04/08/2021
"speculoos paste (Mister Choc, crunchy)",29.0,04/08/2021
chicken nuggets (BizBiz),480.0,04/08/2021
"coffee (Lidl, espresso macchiato)",330.0,04/08/2021
kombucha,420.0,04/08/2021
fresh cheese (Lidl),500.0,04/08/2021
milk (magere),250.0,04/08/2021
milk (magere),81.0,05/08/2021
corn flakes (Lidl),25.0,05/08/2021
quatre-quarts (Lidl),73.0,05/08/2021
milk (magere),102.0,05/08/2021
lentil chips (Lidl),35.0,05/08/2021
milk (magere),197.0,05/08/2021
milk (magere),260.0,05/08/2021
"speculoos paste (Mister Choc, crunchy)",14.0,05/08/2021
sugar,5.0,05/08/2021
"gouda cheese (Lidl, slices without skin)",34.0,05/08/2021
"gouda cheese (Lidl, slices without skin)",34.0,05/08/2021
milk (magere),202.0,05/08/2021
chicken drums (raw),600.0,05/08/2021
sweet potato,357.0,05/08/2021
"coffee (Lidl, espresso macchiato)",330.0,05/08/2021
piccolo (unbaked),150.0,05/08/2021
fresh cheese (Lidl),500.0,05/08/2021
starch,15.0,05/08/2021
piccolo (unbaked),100.0,06/08/2021
milk (magere),90.0,06/08/2021
"baguette (Lidl, unbaked)",150.0,06/08/2021
"ice cream (Lidl, mini fruit orange)",37.0,06/08/2021
"coffee (Lidl, espresso macchiato)",330.0,06/08/2021
"protein bar (DM, 60%, toffee)",45.0,06/08/2021
minced chicken dish (Alina's 6/8/2021),200.0,06/08/2021
minced chicken dish (Alina's 6/8/2021),200.0,06/08/2021
basmati rice,62.5,06/08/2021
strips (KFC),150.0,06/08/2021
samurai sauce (Boni),3.0,06/08/2021
kombucha,171.0,06/08/2021
"ice cream (Lidl, rocket)",64.0,06/08/2021
"ice cream (Lidl, sun fruit orange)",63.5,06/08/2021
fresh cheese (Lidl),500.0,06/08/2021
hot wings (KFC),160.0,07/08/2021
chicken nuggets (BizBiz),200.0,07/08/2021
milk (magere),211.0,07/08/2021
sugar,12.0,07/08/2021
minced chicken dish (Alina's 6/8/2021),207.0,07/08/2021
"baguette (Lidl, unbaked)",150.0,07/08/2021
"gouda cheese (Lidl, slices without skin)",79.0,07/08/2021
papanasi,440.0,07/08/2021
"ice cream (Lidl, rocket)",64.0,07/08/2021
"ice cream (Lidl, sun fruit orange)",63.5,07/08/2021
corn flakes (Lidl),82.0,08/08/2021
milk (magere),377.0,08/08/2021
minced chicken dish (Alina's 6/8/2021),197.0,08/08/2021
"baguette (Lidl, unbaked)",150.0,08/08/2021
milk (magere),305.0,08/08/2021
sugar,12.0,08/08/2021
Zhenxiang soybean-meat,12.0,08/08/2021
chicken nuggets (BizBiz),460.0,08/08/2021
"ice cream (Lidl, pushup)",46.0,08/08/2021
milk (magere),375.0,09/08/2021
quatre-quarts (Lidl),88.0,09/08/2021
tofu pudding powder,64.0,08/08/2021
tofu pudding powder,64.0,09/08/2021
"gouda cheese (Lidl, slices without skin)",159.0,09/08/2021
butter sandwich bread,216.0,09/08/2021
butter sandwich bread,108.0,09/08/2021
"coffee (Lidl, espresso macchiato)",330.0,09/08/2021
kombucha,220.0,09/08/2021
mango,180.0,09/08/2021
coconut sugar chicken breast (Alina's),205.0,09/08/2021
fresh cheese (Lidl),500.0,09/08/2021
coconut sugar chicken breast (Alina's),375.0,10/08/2021
naan bread (unbaked),175.0,10/08/2021
"ice cream (Lidl, pushup)",46.0,09/08/2021
sugar,13.0,10/08/2021
milk (magere),300.0,10/08/2021
coconut sugar chicken breast (Alina's),255.0,10/08/2021
butter sandwich bread,162.0,10/08/2021
"protein bar (DM, 60%, toffee)",45.0,10/08/2021
melon,420.0,10/08/2021
potato,375.0,10/08/2021
olive oil,3.0,10/08/2021
samurai sauce (Boni),12.0,10/08/2021
"ice cream (Lidl, little octo)",51.0,10/08/2021
fresh cheese spread (Lidl),22.0,11/08/2021
naan bread (unbaked),80.0,11/08/2021
kombucha,140.0,11/08/2021
quatre-quarts (Lidl),66.0,11/08/2021
milk (magere),110.0,11/08/2021
"ice cream (Lidl, little octo)",51.0,11/08/2021
milk (magere),200.0,11/08/2021
sugar,10.0,11/08/2021
"baguette (Lidl, unbaked)",150.0,11/08/2021
filet de York (Lidl),48.0,11/08/2021
egg,130.0,11/08/2021
"gouda cheese (Lidl, slices without skin)",67.0,11/08/2021
"ice cream (Lidl, red hawk)",51.0,11/08/2021
samurai sauce (Boni),4.0,11/08/2021
chicken nuggets (BizBiz),500.0,11/08/2021
milk (magere),310.0,11/08/2021
naan bread (unbaked),91.0,12/08/2021
fresh cheese spread (Lidl),23.0,12/08/2021
fresh cheese (Lidl),500.0,12/08/2021
tofu pudding powder,96.0,12/08/2021
chicken nuggets (BizBiz),500.0,12/08/2021
"coffee (Lidl, espresso macchiato)",660.0,12/08/2021
mango,160.0,12/08/2021
"ice cream (Lidl, little octo)",51.0,12/08/2021
coconut sugar chicken breast (Alina's),141.0,12/08/2021
crackers (Lidl),30.0,12/08/2021
fresh cheese spread (Lidl),63.0,12/08/2021
milk (magere),567.0,13/08/2021
corn flakes (Lidl),130.0,13/08/2021
"coffee (Lidl, espresso macchiato)",330.0,13/08/2021
kombucha,250.0,13/08/2021
hot dog (Lidl),250.0,13/08/2021
crackers (Lidl),24.0,13/08/2021
fresh cheese spread (Lidl),40.0,13/08/2021
milk (magere),454.0,14/08/2021
corn flakes (Lidl),102.0,14/08/2021
barchetta (Lidl),400.0,13/08/2021
apple strudel,80.0,13/08/2021
"pizza (Domino's, spicy chicken)",123.0,14/08/2021
milk (magere),120.0,14/08/2021
sugar,12.0,14/08/2021
melon,380.0,14/08/2021
coconut sugar chicken breast (Alina's),80.0,14/08/2021
crackers (Lidl),15.0,14/08/2021
fresh cheese spread (Lidl),45.0,14/08/2021
milk (magere),232.0,15/08/2021
corn flakes (Lidl),69.0,15/08/2021
milk (magere),485.0,15/08/2021
sugar,10.0,15/08/2021
"gouda cheese (Lidl, slices without skin)",15.0,15/08/2021
"baguette (Lidl, unbaked)",75.0,15/08/2021
"pork chops (Alina's, 13/08/2021)",120.0,15/08/2021
"pork chops (Alina's, 13/08/2021)",40.0,13/08/2021
zacusca (Olympia),80.0,15/08/2021
"pork chops (Alina's, 13/08/2021)",80.0,15/08/2021
zacusca (Olympia),80.0,15/08/2021
"pork chops (Alina's, 13/08/2021)",80.0,15/08/2021
corn flour,40.0,15/08/2021
onion,15.0,15/08/2021
Turkish style cow cheese,50.0,15/08/2021
mochi (peanut),175.0,15/08/2021
"mochi (matcha, red bean)",120.0,15/08/2021
fresh cheese (Lidl),500.0,15/08/2021
"pizza (Domino's, BBQ chicken)",676.875,14/08/2021
"ice cream (Lidl, little octo)",51.0,14/08/2021
"ice cream (Lidl, little octo)",51.0,15/08/2021
crackers (Lidl),17.0,15/08/2021
filet de York (Lidl),17.0,15/08/2021
filet de York (Lidl),17.0,15/08/2021
crackers (Lidl),17.0,15/08/2021
crackers (Lidl),9.0,15/08/2021
fresh cheese spread (Lidl),20.0,15/08/2021
banana,116.0,16/08/2021
milk (magere),309.0,16/08/2021
sugar,10.0,16/08/2021
"gouda cheese (Lidl, slices without skin)",73.0,16/08/2021
filet de York (Lidl),24.0,16/08/2021
"baguette (Lidl, unbaked)",150.0,16/08/2021
"ice cream (Lidl, little octo)",51.0,16/08/2021
crackers (Lidl),8.0,16/08/2021
fresh cheese spread (Lidl),15.0,16/08/2021
fresh cheese (Lidl),500.0,16/08/2021
"cheese (goudse, oud)",58.0,16/08/2021
"baguette (Lidl, unbaked)",150.0,16/08/2021
"baguette (Lidl, unbaked)",75.0,16/08/2021
egg,55.0,16/08/2021
"pork chops (Alina's, 13/08/2021)",80.0,16/08/2021
"ice cream (Lidl, little octo)",51.0,16/08/2021
tofu pudding powder,96.0,16/08/2021
"ice cream (Lidl, little octo)",51.0,16/08/2021
hot dog (Lidl),250.0,17/08/2021
"gouda cheese (Lidl, slices without skin)",41.0,17/08/2021
pizza (Domino's Vegetarian),771.25,17/08/2021
"baguette (Lidl, unbaked)",150.0,17/08/2021
pork medallion Ardennes style,150.0,17/08/2021
fresh cheese (Lidl),500.0,17/08/2021
"baguette (Lidl, unbaked)",150.0,18/08/2021
fresh cheese spread (Lidl),55.0,18/08/2021
cappuccino (Lidl),380.0,17/08/2021
cappuccino (Lidl),380.0,18/08/2021
cappuccino (Lidl),380.0,18/08/2021
"baguette (Lidl, unbaked)",75.0,18/08/2021
fresh cheese spread (Lidl),18.0,18/08/2021
chicken breast (raw),95.2,18/08/2021
chicken breast (raw),47.6,18/08/2021
fresh cheese spread (Lidl),30.0,18/08/2021
"baguette (Lidl, unbaked)",150.0,18/08/2021
"speculoos paste (Mister Choc, crunchy)",23.0,18/08/2021
milk (magere),380.0,18/08/2021
"ketchup (Aldi, hot)",30.0,18/08/2021
potato,300.0,18/08/2021
olive oil,4.0,18/08/2021
kombucha,250.0,18/08/2021
fresh cheese (Lidl),500.0,18/08/2021
"gouda cheese (Lidl, slices without skin)",58.0,18/08/2021
"cheese (goudse, oud)",14.0,18/08/2021
"baguette (Lidl, unbaked)",75.0,18/08/2021
"baguette (Lidl, unbaked)",75.0,18/08/2021
"gouda cheese (Lidl, slices without skin)",35.0,18/08/2021
ramen soup (veggie),67.0,19/08/2021
corn flakes (Lidl),45.0,19/08/2021
milk (magere),233.0,19/08/2021
fresh cheese (Lidl),500.0,19/08/2021
piccolo (unbaked),150.0,19/08/2021
fresh cheese spread (Lidl),10.0,19/08/2021
chicken breast (raw),46.7,19/08/2021
chicken breast (raw),46.7,19/08/2021
schapenkaas,52.0,19/08/2021
"ice cream (Lidl, little octo)",51.0,19/08/2021
muffin (Lidl),90.0,19/08/2021
muffin (Lidl),90.0,19/08/2021
"gouda cheese (Lidl, slices without skin)",33.0,19/08/2021
schapenkaas,22.0,19/08/2021
corn flakes (Lidl),126.0,20/08/2021
milk (magere),564.0,20/08/2021
muffin (Lidl),90.0,20/08/2021
"gouda cheese (Lidl, slices without skin)",68.0,20/08/2021
chicken breast (raw),47.5,20/08/2021
piccolo (unbaked),200.0,20/08/2021
cappuccino (Lidl),380.0,20/08/2021
cappuccino (Lidl),380.0,19/08/2021
"ice cream (Lidl, little octo)",51.0,20/08/2021
onion,30.0,20/08/2021
onion,20.0,19/08/2021
schapenkaas,92.0,20/08/2021
schapenkaas,44.0,20/08/2021
fresh cheese (Lidl),500.0,20/08/2021
muffin (Lidl),45.0,21/08/2021
muffin (Lidl),90.0,21/08/2021
"milk (2.8%, magyar)",200.0,21/08/2021
churros (deep fried),200.0,21/08/2021
Nutella,5.0,21/08/2021
sugar,15.0,21/08/2021
fresh cheese (Lidl),500.0,21/08/2021
"baguette (Lidl, unbaked)",125.0,21/08/2021
chicken breast (raw),190.0,21/08/2021
fresh cheese spread (Lidl),50.0,21/08/2021
croissant (jam),75.0,21/08/2021
schapenkaas,88.0,21/08/2021
"baguette (Lidl, unbaked)",150.0,21/08/2021
cheese (Boquet des Moines),33.0,21/08/2021
"ice cream (Lidl, little octo)",51.0,21/08/2021
corn flakes (Lidl),114.0,22/08/2021
milk (magere),624.0,22/08/2021
milk (magere),260.0,22/08/2021
sugar,10.0,22/08/2021
onion-ham-egg cups,330.0,22/08/2021
fresh cheese (Lidl),500.0,22/08/2021
"baguette (Lidl, unbaked)",150.0,22/08/2021
"pork steak (Lidl, BBQ, raw)",200.0,22/08/2021
piccolo (unbaked),50.0,22/08/2021
Nutella,25.0,22/08/2021
onion-ham-egg cups,41.25,22/08/2021
sweet potato,213.0,22/08/2021
olive oil,3.0,22/08/2021
kombucha,210.0,22/08/2021
kombucha,192.0,22/08/2021
"ice cream (Lidl, little octo)",51.0,22/08/2021
milk (magere),254.0,22/08/2021
corn flakes (Lidl),47.0,22/08/2021
milk (magere),150.0,22/08/2021
milk (magere),343.0,23/08/2021
corn flakes (Lidl),66.0,23/08/2021
cheese (Boquet des Moines),54.0,23/08/2021
"baguette (Lidl, unbaked)",150.0,23/08/2021
radish,43.0,23/08/2021
"gouda cheese (Lidl, slices without skin)",30.0,23/08/2021
onion,39.0,23/08/2021
goat cheese,44.0,23/08/2021
fresh cheese (Lidl),500.0,23/08/2021
"baguette (Lidl, unbaked)",75.0,23/08/2021
"speculoos paste (Mister Choc, crunchy)",22.0,23/08/2021
basmati rice,62.5,23/08/2021
chicken breast (raw),46.7,23/08/2021
samurai sauce (Boni),3.0,23/08/2021
onion,10.0,23/08/2021
milk (magere),200.0,23/08/2021
milk (magere),250.0,23/08/2021
milk (magere),15.0,23/08/2021
sugar,10.0,23/08/2021
"ice cream (Lidl, little octo)",51.0,23/08/2021
fresh cheese (Lidl),500.0,23/08/2021
corn flakes (Lidl),45.0,23/08/2021
milk (magere),242.0,23/08/2021
"baguette (Lidl, unbaked)",75.0,24/08/2021
radish,40.0,24/08/2021
goat cheese,57.0,24/08/2021
"baguette (Lidl, unbaked)",150.0,24/08/2021
"gouda cheese (Lidl, slices without skin)",64.0,24/08/2021
fresh cheese (Lidl),500.0,24/08/2021
muffin (Lidl),90.0,24/08/2021
cappuccino (Lidl),380.0,24/08/2021
"ice cream (Lidl, little octo)",51.0,24/08/2021
barchetta (Lidl),200.0,24/08/2021
fresh cheese spread (Lidl),37.0,24/08/2021
"baguette (Lidl, unbaked)",75.0,24/08/2021
chicken breast (raw),66.0,24/08/2021
corn flakes (Lidl),87.0,24/08/2021
milk (magere),381.0,24/08/2021
milk (magere),184.0,25/08/2021
muffin (Lidl),90.0,25/08/2021
"latte macchiato (Aldi, light)",250.0,25/08/2021
blueberries,30.0,25/08/2021
"ice cream (Corso, lime)",30.0,25/08/2021
cappuccino (Lidl),380.0,25/08/2021
basmati rice,62.5,25/08/2021
onion,10.0,25/08/2021
samurai sauce (Boni),2.0,25/08/2021
chicken breast (raw),99.0,25/08/2021
"gouda cheese (Lidl, slices without skin)",66.0,25/08/2021
"baguette (Lidl, unbaked)",150.0,25/08/2021
"bread (white, for toasting)",53.0,25/08/2021
egg,53.0,25/08/2021
milk (magere),12.5,25/08/2021
olive oil,3.0,25/08/2021
"gouda cheese (Lidl, slices without skin)",66.0,25/08/2021
"ice cream (Lidl, little octo)",51.0,25/08/2021
melon,385.0,25/08/2021
fresh cheese (Lidl),500.0,25/08/2021
muffin (Lidl),90.0,26/08/2021
"gouda cheese (Lidl, slices without skin)",68.0,26/08/2021
"baguette (Lidl, unbaked)",150.0,26/08/2021
fresh cheese spread (Lidl),39.0,26/08/2021
corn flakes (Lidl),76.0,26/08/2021
milk (magere),356.0,26/08/2021
"baguette (Lidl, unbaked)",150.0,26/08/2021
chicken breast (raw),99.0,26/08/2021
olive oil,4.0,26/08/2021
blueberries,39.0,26/08/2021
milk (magere),329.0,26/08/2021
melon,55.0,26/08/2021
papanasi (26/08/2021),237.5,26/08/2021
"jam (apricot, 45%)",100.0,26/08/2021
fresh cheese spread (Lidl),17.0,27/08/2021
"baguette (Lidl, unbaked)",75.0,27/08/2021
fresh cheese spread (Lidl),36.0,27/08/2021
filet de York (Lidl),22.0,27/08/2021
melon,105.0,27/08/2021
papanasi (26/08/2021),95.0,27/08/2021
"protein bar (DM, 60%, toffee)",46.0,27/08/2021
"coffee (Lidl, espresso macchiato)",330.0,27/08/2021
greek pasta (Boni),93.0,27/08/2021
"mozzarella (Lidl, shredded)",43.0,27/08/2021
bolognese (27/08/2021),300.0,27/08/2021
"ice cream (Lidl, little octo)",51.0,27/08/2021
kombucha,235.0,27/08/2021
bolognese (27/08/2021),126.0,27/08/2021
"mozzarella (Lidl, shredded)",22.0,27/08/2021
melon,228.0,27/08/2021
corn flakes (Lidl),52.0,27/08/2021
milk (magere),175.0,27/08/2021
bolognese (27/08/2021),180.0,28/08/2021
"mozzarella (Lidl, shredded)",24.0,28/08/2021
kombucha,155.0,28/08/2021
boba coffee,90.0,28/08/2021
macaroni pasta,60.0,28/08/2021
bolognese (27/08/2021),155.0,28/08/2021
"mozzarella (Lidl, shredded)",21.0,28/08/2021
brokkelkaas (50+),4.0,28/08/2021
"ice cream (Lidl, little octo)",4.0,28/08/2021
"mini loempia (Lidl, vegetarian)",160.0,28/08/2021
loempia (Lidl),282.0,28/08/2021
tortilla chips,18.0,28/08/2021
soft drink (48kcal),200.0,28/08/2021
"salsa dip (Lidl, medium)",20.0,28/08/2021
fresh cheese (Lidl),500.0,28/08/2021
mochi (mango),140.0,28/08/2021
corn flakes (Lidl),60.0,29/08/2021
milk (magere),323.0,29/08/2021
"baguette (Lidl, unbaked)",75.0,29/08/2021
bolognese (27/08/2021),83.0,29/08/2021
"mozzarella (Lidl, shredded)",27.0,29/08/2021
blueberries,23.0,29/08/2021
fresh cheese (Lidl),500.0,29/08/2021
mochi (mango),70.0,29/08/2021
"baguette (Lidl, unbaked)",150.0,29/08/2021
chicken breast (raw),99.0,29/08/2021
"gouda cheese (Lidl, slices without skin)",54.54545454545455,29/08/2021
kombucha,260.0,29/08/2021
"gouda cheese (Lidl, slices without skin)",36.0,29/08/2021
brokkelkaas (50+),18.0,29/08/2021
apple strudel,50.0,27/08/2021
apple strudel,50.0,28/08/2021
tofu pudding powder,96.0,29/08/2021
"ice cream (Lidl, little octo)",153.0,29/08/2021
"whey powder (Myprotein, Impact Whey Isolate)",23.0,29/08/2021
"baguette (Lidl, unbaked)",150.0,30/08/2021
"gouda cheese (Lidl, slices without skin)",90.90909090909092,30/08/2021
egg,75.0,27/08/2021
"bread (white, for toasting)",66.0,27/08/2021
"gouda cheese (Lidl, slices without skin)",36.36363636363637,27/08/2021
fresh cheese (Lidl),500.0,30/08/2021
"baguette (Lidl, unbaked)",150.0,30/08/2021
cappuccino (Lidl),380.0,30/08/2021
"gouda cheese (Lidl, slices without skin)",35.0,30/08/2021
cheese (Boquet des Moines),45.0,30/08/2021
"gouda cheese (Lidl, slices without skin)",35.0,30/08/2021
"ice cream (Lidl, little octo)",51.0,30/08/2021
Desperados (mojito),500.0,28/08/2021
"pizza (Dr.Oetker, bolognese)",187.5,30/08/2021
"gouda cheese (Lidl, slices without skin)",18.181818181818183,30/08/2021
filet de York (Lidl),18.0,30/08/2021
fish burger (Lidl),100.0,30/08/2021
fresh cheese (Lidl),500.0,30/08/2021
"gouda cheese (Lidl, slices without skin)",53.0,31/08/2021
"baguette (Lidl, unbaked)",150.0,31/08/2021
"gouda cheese (Lidl, slices without skin)",36.0,31/08/2021
kombucha,253.0,31/08/2021
macaroni pasta,50.0,31/08/2021
"mozzarella (Lidl, shredded)",20.0,31/08/2021
brokkelkaas (50+),4.0,31/08/2021
bolognese (31/08/2021),200.0,31/08/2021
kombucha,112.0,31/08/2021
bolognese (31/08/2021),200.0,31/08/2021
"mozzarella (Lidl, shredded)",20.0,31/08/2021
brokkelkaas (50+),5.0,31/08/2021
"ice cream (Lidl, little octo)",51.0,31/08/2021
"ice cream (Lidl, little octo)",51.0,31/08/2021
fresh cheese (Lidl),500.0,31/08/2021
"baguette (Lidl, unbaked)",150.0,31/08/2021
"latte macchiato (Aldi, light)",330.0,31/08/2021
"gouda cheese (Lidl, slices without skin)",109.0909090909091,31/08/2021
corn flakes (Lidl),110.0,01/09/2021
milk (magere),500.0,01/09/2021
"protein bar (DM, 60%, toffee)",45.0,01/09/2021
bolognese (31/08/2021),234.0,01/09/2021
brokkelkaas (50+),11.0,01/09/2021
"mozzarella (Lidl, shredded)",14.0,01/09/2021
"ice cream (Lidl, little octo)",51.0,01/09/2021
bolognese (31/08/2021),127.0,01/09/2021
"gouda cheese (Lidl, slices without skin)",16.0,01/09/2021
macaroni pasta,50.0,01/09/2021
Reese's (white),19.75,01/09/2021
kombucha,220.0,01/09/2021
"baguette (Lidl, unbaked)",150.0,01/09/2021
"gouda cheese (Lidl, slices without skin)",109.0909090909091,01/09/2021
Reese's (white),19.75,01/09/2021
fresh cheese (Lidl),500.0,01/09/2021
Stella Artois (0%),330.0,01/09/2021
corn flakes (Lidl),110.0,02/09/2021
milk (magere),419.0,02/09/2021
crottin cheese (mild),5.0,31/08/2021
"baguette (Lidl, unbaked)",150.0,02/09/2021
"gouda cheese (Lidl, slices without skin)",86.0,02/09/2021
macaroni pasta,50.0,02/09/2021
bolognese (31/08/2021),115.0,02/09/2021
brokkelkaas (50+),8.0,02/09/2021
"mozzarella (Lidl, shredded)",25.0,02/09/2021
"coffee (Lidl, espresso macchiato)",150.0,02/09/2021
fresh cheese (Lidl),500.0,02/09/2021
Stella Artois (0%),330.0,02/09/2021
corn flakes (Lidl),57.0,03/09/2021
milk (magere),170.0,03/09/2021
chicken breast (raw),132.0,03/09/2021
"baguette (Lidl, unbaked)",150.0,03/09/2021
samurai sauce (Boni),6.0,03/09/2021
cappuccino (Lidl),180.0,03/09/2021
fresh cheese (Lidl),500.0,03/09/2021
kombucha,93.0,03/09/2021
barchetta (Lidl),100.0,03/09/2021
fresh cheese (Lidl),500.0,04/09/2021
"ice cream (Lidl, little octo)",51.0,04/09/2021
"baguette (Lidl, unbaked)",150.0,04/09/2021
fresh cheese spread (Lidl),50.0,04/09/2021
chicken breast (raw),107.14285714285714,04/09/2021
vanilla latte (Albert Heijn),220.0,04/09/2021
saucijzenbroodje (Albert Heijn),88.0,04/09/2021
saucijzenbroodje (Albert Heijn),44.0,05/09/2021
crispy tender (KFC),206.66666666666663,04/09/2021
crispy tender (KFC),51.66666666666666,04/09/2021
fries (Burger King),280.0,04/09/2021
coleslaw (KFC),10.0,04/09/2021
corn flakes (Lidl),45.0,04/09/2021
milk (magere),250.0,04/09/2021
clementine,80.0,04/09/2021
"spelttwister (Albert Heijn, cheese)",130.0,04/09/2021
fresh cheese (Lidl),500.0,05/09/2021
kombucha,151.0,05/09/2021
"baguette (Lidl, unbaked)",150.0,05/09/2021
"gouda cheese (Lidl, slices without skin)",99.0,05/09/2021
kombucha,205.0,05/09/2021
"ketchup (Aldi, hot)",5.0,05/09/2021
tortilla chips,40.0,05/09/2021
cinnamon roll (approx.),150.0,05/09/2021
"baguette (Lidl, unbaked)",150.0,05/09/2021
"gouda cheese (Lidl, slices without skin)",98.0,05/09/2021
"jam (apricot, 45%)",35.0,05/09/2021
"protein bar (DM, 60%, toffee)",45.0,06/09/2021
fresh cheese (Lidl),500.0,06/09/2021
corn flakes (Lidl),84.0,06/09/2021
milk (magere),374.0,06/09/2021
chicken breast (raw),107.14285714285714,06/09/2021
"protein bar (DM, 60%, toffee)",45.0,06/09/2021
"baguette (Lidl, unbaked)",60.0,06/09/2021
"gouda cheese (Lidl, slices without skin)",43.0,06/09/2021
kombucha,138.0,06/09/2021
"corn puffs (Lidl, peanut)",150.0,03/09/2021
apricot pie (Aldi),45.0,06/09/2021
"ice cream (Lidl, space runner)",60.0,06/09/2021
"ice cream (Lidl, space runner)",60.0,06/09/2021
kombucha,300.0,06/09/2021
fries (frozen),200.0,06/09/2021
sriracha,5.0,06/09/2021
"ketchup (Aldi, hot)",15.0,06/09/2021
fresh cheese (Lidl),500.0,06/09/2021
tofu pudding powder,96.0,06/09/2021
corn flakes (Lidl),136.0,07/09/2021
milk (magere),500.0,07/09/2021
"bread (white, for toasting)",50.0,04/09/2021
egg,85.0,04/09/2021
"protein bar (DM, 60%, toffee)",45.0,07/09/2021
hot dog (Lidl),250.0,07/09/2021
"ice cream (Lidl, space runner)",60.0,07/09/2021
"ice cream (Lidl, space runner)",60.0,07/09/2021
"corn puffs (Lidl, peanut)",250.0,07/09/2021
fresh cheese (Lidl),500.0,07/09/2021
kombucha,250.0,07/09/2021
corn flakes (Lidl),103.0,07/09/2021
milk (magere),331.0,07/09/2021
hot dog (Lidl),250.0,07/09/2021
corn flakes (Lidl),81.0,08/09/2021
milk (magere),273.0,08/09/2021
crottin cheese (mild),23.0,08/09/2021
chicken breast (raw),178.5714285714286,08/09/2021
"baguette (Lidl, unbaked)",150.0,08/09/2021
sriracha,5.0,08/09/2021
Stella Artois (0%),330.0,08/09/2021
"coffee (Lidl, espresso macchiato)",330.0,08/09/2021
"protein bar (DM, 60%, toffee)",45.0,08/09/2021
fresh cheese (Lidl),500.0,08/09/2021
döner kebab (approx.),75.0,08/09/2021
"ice cream (Lidl, space runner)",60.0,08/09/2021
"ice cream (Lidl, space runner)",60.0,08/09/2021
corn flakes (Lidl),68.0,09/09/2021
milk (magere),262.0,09/09/2021
fresh cheese (Lidl),500.0,09/09/2021
guava juice,500.0,09/09/2021
"baguette (Lidl, unbaked)",150.0,09/09/2021
"baguette (Lidl, unbaked)",75.0,09/09/2021
chicken breast (raw),339.2857142857143,09/09/2021
"gouda cheese (Lidl, slices without skin)",99.0,09/09/2021
"latte macchiato (Aldi, light)",250.0,09/09/2021
"greek yoghurt (Oikos, cherry)",122.0,09/09/2021
fries (frozen),175.0,09/09/2021
grape,100.0,09/09/2021
sriracha,6.0,09/09/2021
kiwi,70.0,09/09/2021
"bread (white, for toasting)",42.0,09/09/2021
krémtúró (Milli),90.0,09/09/2021
"milk (2.8%, magyar)",400.0,09/09/2021
"mozzarella (Szarvasi, slices)",40.0,09/09/2021
cheese (Heumilch Bergtaler),108.33333333333334,10/09/2021
"bread (white, for toasting)",105.0,10/09/2021
Túró Rudi (lekváros),30.0,10/09/2021
krémtúró (Milli),90.0,10/09/2021
pasta (Gyermelyi),50.0,10/09/2021
bolognese (31/08/2021),260.0,10/09/2021
cheese (nagylyukú),50.0,10/09/2021
cheese (nagylyukú),40.0,10/09/2021
pasta (Gyermelyi),50.0,10/09/2021
bolognese (31/08/2021),190.0,10/09/2021
bread (white),80.0,10/09/2021
"gouda cheese (Lidl, slices without skin)",70.0,10/09/2021
Sahnejoghurt,150.0,10/09/2021
poppy roll,36.0,09/09/2021
poppy roll,120.0,04/09/2021
"bread (white, for toasting)",100.0,11/09/2021
"gouda cheese (Lidl, slices without skin)",70.0,11/09/2021
"ketchup (Aldi, hot)",5.0,11/09/2021
"ketchup (Aldi, hot)",5.0,10/09/2021
bolognese (31/08/2021),91.0,11/09/2021
cheese (nagylyukú),18.0,11/09/2021
sugar,18.0,11/09/2021
"milk (2.8%, magyar)",331.0,11/09/2021
bolognese (31/08/2021),67.0,11/09/2021
cheese (nagylyukú),14.0,11/09/2021
pasta (Gyermelyi),32.69230769230769,11/09/2021
Túró Rudi (lekváros),30.0,11/09/2021
soft drink (48kcal),1000.0,11/09/2021
"pizza (Domino's, BBQ chicken)",756.25,11/09/2021
"pizza (Domino's, BBQ chicken)",343.75,12/09/2021
sugar,18.0,12/09/2021
"milk (1.5%, magyar)",302.0,12/09/2021
grape,100.0,12/09/2021
rilettes (pork),75.0,13/09/2021
naan bread (unbaked),130.0,13/09/2021
I-Mei laver soda cracker,35.0,13/09/2021
clementine,100.0,13/09/2021
"waffles (chocolate, coconut)",116.66666666666667,13/09/2021
bread (white),180.0,13/09/2021
chicken breast (raw),90.0,13/09/2021
margerine (80%),15.0,13/09/2021
tuna maki (approx.),135.42857142857144,13/09/2021
"fruit juice (Cappy, pineapple)",500.0,12/09/2021
fries (Burger King),200.0,12/09/2021
pulled pork sandwich (approx.),400.0,12/09/2021
fresh cheese (Lidl),500.0,13/09/2021
"ice cream (Lidl, space runner)",60.0,13/09/2021
kombucha,150.0,13/09/2021
tofu (deep fried),110.0,13/09/2021
"ice cream (Lidl, space runner)",60.0,13/09/2021
I-Mei laver soda cracker,11.666666666666666,13/09/2021
milk (magere),312.0,14/09/2021
naan bread (unbaked),130.0,14/09/2021
"protein bar (DM, 60%, toffee)",45.0,14/09/2021
tofu (silken),300.0,14/09/2021
"gouda cheese (Lidl, slices without skin)",62.0,14/09/2021
clementine,134.0,14/09/2021
mango,100.0,14/09/2021
"chocolate (biscuit, praliné)",48.0,14/09/2021
tofu mousse (14/09/2021),215.0,15/09/2021
"vegan burger (Next Level Burger, classic)",190.0,14/09/2021
"vegan burger (Next Level Burger, bbq)",190.0,14/09/2021
naan bread (unbaked),130.0,14/09/2021
chicken breast (raw),250.0,15/09/2021
basmati rice,125.0,15/09/2021
banana,100.0,14/09/2021
banana,200.0,15/09/2021
hot dog (Lidl),150.0,13/09/2021
butter,7.0,15/09/2021
fresh cheese (Lidl),500.0,14/09/2021
crackers (Lidl),50.0,14/09/2021
kombucha,150.0,14/09/2021
olive oil,5.0,15/09/2021
cappuccino (Lidl),200.0,15/09/2021
"ramen (Lidl, chicken)",85.0,15/09/2021
onion,15.0,15/09/2021
naan bread (unbaked),130.0,15/09/2021
fresh cheese (Lidl),500.0,15/09/2021
fries (frozen),122.0,15/09/2021
"ice cream (Lidl, space runner)",60.0,15/09/2021
"ketchup (Aldi, hot)",15.0,15/09/2021
"ice cream (Lidl, space runner)",60.0,15/09/2021
fresh cheese (Lidl),500.0,15/09/2021
naan bread (unbaked),260.0,16/09/2021
banana,110.0,16/09/2021
chicken breast (raw),250.0,16/09/2021
"baguette (Lidl, unbaked)",75.0,16/09/2021
sugar,8.0,16/09/2021
milk (magere),300.0,16/09/2021
milk (magere),211.0,16/09/2021
"protein bar (DM, 60%, toffee)",45.0,16/09/2021
kombucha,45.0,16/09/2021
basmati rice,125.0,17/09/2021
chicken breast (raw),250.0,17/09/2021
butter,13.0,17/09/2021
soy sauce (chili and garlic),15.0,17/09/2021
onion,20.0,17/09/2021
fresh cheese (Lidl),500.0,17/09/2021
banana,220.0,17/09/2021
tofu mousse (14/09/2021),217.5,16/09/2021
